"","Date","HomeTeam","AwayTeam","FTHG","FTAG","FTR"
"1",2017-08-18,"Bayern Munich","Leverkusen",3,1,"H"
"2",2017-08-19,"Hamburg","Augsburg",1,0,"H"
"3",2017-08-19,"Hertha","Stuttgart",2,0,"H"
"4",2017-08-19,"Hoffenheim","Werder Bremen",1,0,"H"
"5",2017-08-19,"Mainz","Hannover",0,1,"A"
"6",2017-08-19,"Schalke 04","RB Leipzig",2,0,"H"
"7",2017-08-19,"Wolfsburg","Dortmund",0,3,"A"
"8",2017-08-20,"Freiburg","Ein Frankfurt",0,0,"D"
"9",2017-08-20,"M'gladbach","FC Koln",1,0,"H"
"10",2017-08-25,"FC Koln","Hamburg",1,3,"A"
"11",2017-08-26,"Augsburg","M'gladbach",2,2,"D"
"12",2017-08-26,"Dortmund","Hertha",2,0,"H"
"13",2017-08-26,"Ein Frankfurt","Wolfsburg",0,1,"A"
"14",2017-08-26,"Leverkusen","Hoffenheim",2,2,"D"
"15",2017-08-26,"Stuttgart","Mainz",1,0,"H"
"16",2017-08-26,"Werder Bremen","Bayern Munich",0,2,"A"
"17",2017-08-27,"Hannover","Schalke 04",1,0,"H"
"18",2017-08-27,"RB Leipzig","Freiburg",4,1,"H"
"19",2017-09-08,"Hamburg","RB Leipzig",0,2,"A"
"20",2017-09-09,"Augsburg","FC Koln",3,0,"H"
"21",2017-09-09,"Freiburg","Dortmund",0,0,"D"
"22",2017-09-09,"Hoffenheim","Bayern Munich",2,0,"H"
"23",2017-09-09,"Mainz","Leverkusen",3,1,"H"
"24",2017-09-09,"M'gladbach","Ein Frankfurt",0,1,"A"
"25",2017-09-09,"Wolfsburg","Hannover",1,1,"D"
"26",2017-09-10,"Hertha","Werder Bremen",1,1,"D"
"27",2017-09-10,"Schalke 04","Stuttgart",3,1,"H"
"28",2017-09-15,"Hannover","Hamburg",2,0,"H"
"29",2017-09-16,"Bayern Munich","Mainz",4,0,"H"
"30",2017-09-16,"Ein Frankfurt","Augsburg",1,2,"A"
"31",2017-09-16,"RB Leipzig","M'gladbach",2,2,"D"
"32",2017-09-16,"Stuttgart","Wolfsburg",1,0,"H"
"33",2017-09-16,"Werder Bremen","Schalke 04",1,2,"A"
"34",2017-09-17,"Dortmund","FC Koln",5,0,"H"
"35",2017-09-17,"Hoffenheim","Hertha",1,1,"D"
"36",2017-09-17,"Leverkusen","Freiburg",4,0,"H"
"37",2017-09-19,"Augsburg","RB Leipzig",1,0,"H"
"38",2017-09-19,"M'gladbach","Stuttgart",2,0,"H"
"39",2017-09-19,"Schalke 04","Bayern Munich",0,3,"A"
"40",2017-09-19,"Wolfsburg","Werder Bremen",1,1,"D"
"41",2017-09-20,"FC Koln","Ein Frankfurt",0,1,"A"
"42",2017-09-20,"Freiburg","Hannover",1,1,"D"
"43",2017-09-20,"Hamburg","Dortmund",0,3,"A"
"44",2017-09-20,"Hertha","Leverkusen",2,1,"H"
"45",2017-09-20,"Mainz","Hoffenheim",2,3,"A"
"46",2017-09-22,"Bayern Munich","Wolfsburg",2,2,"D"
"47",2017-09-23,"Dortmund","M'gladbach",6,1,"H"
"48",2017-09-23,"Hoffenheim","Schalke 04",2,0,"H"
"49",2017-09-23,"Mainz","Hertha",1,0,"H"
"50",2017-09-23,"RB Leipzig","Ein Frankfurt",2,1,"H"
"51",2017-09-23,"Stuttgart","Augsburg",0,0,"D"
"52",2017-09-23,"Werder Bremen","Freiburg",0,0,"D"
"53",2017-09-24,"Hannover","FC Koln",0,0,"D"
"54",2017-09-24,"Leverkusen","Hamburg",3,0,"H"
"55",2017-09-29,"Schalke 04","Leverkusen",1,1,"D"
"56",2017-09-30,"Augsburg","Dortmund",1,2,"A"
"57",2017-09-30,"Ein Frankfurt","Stuttgart",2,1,"H"
"58",2017-09-30,"Hamburg","Werder Bremen",0,0,"D"
"59",2017-09-30,"M'gladbach","Hannover",2,1,"H"
"60",2017-09-30,"Wolfsburg","Mainz",1,1,"D"
"61",2017-10-01,"FC Koln","RB Leipzig",1,2,"A"
"62",2017-10-01,"Freiburg","Hoffenheim",3,2,"H"
"63",2017-10-01,"Hertha","Bayern Munich",2,2,"D"
"64",2017-10-13,"Stuttgart","FC Koln",2,1,"H"
"65",2017-10-14,"Bayern Munich","Freiburg",5,0,"H"
"66",2017-10-14,"Dortmund","RB Leipzig",2,3,"A"
"67",2017-10-14,"Hannover","Ein Frankfurt",1,2,"A"
"68",2017-10-14,"Hertha","Schalke 04",0,2,"A"
"69",2017-10-14,"Hoffenheim","Augsburg",2,2,"D"
"70",2017-10-14,"Mainz","Hamburg",3,2,"H"
"71",2017-10-15,"Leverkusen","Wolfsburg",2,2,"D"
"72",2017-10-15,"Werder Bremen","M'gladbach",0,2,"A"
"73",2017-10-20,"Schalke 04","Mainz",2,0,"H"
"74",2017-10-21,"Augsburg","Hannover",1,2,"A"
"75",2017-10-21,"Ein Frankfurt","Dortmund",2,2,"D"
"76",2017-10-21,"Hamburg","Bayern Munich",0,1,"A"
"77",2017-10-21,"M'gladbach","Leverkusen",1,5,"A"
"78",2017-10-21,"RB Leipzig","Stuttgart",1,0,"H"
"79",2017-10-22,"FC Koln","Werder Bremen",0,0,"D"
"80",2017-10-22,"Freiburg","Hertha",1,1,"D"
"81",2017-10-22,"Wolfsburg","Hoffenheim",1,1,"D"
"82",2017-10-27,"Mainz","Ein Frankfurt",1,1,"D"
"83",2017-10-28,"Bayern Munich","RB Leipzig",2,0,"H"
"84",2017-10-28,"Hannover","Dortmund",4,2,"H"
"85",2017-10-28,"Hertha","Hamburg",2,1,"H"
"86",2017-10-28,"Hoffenheim","M'gladbach",1,3,"A"
"87",2017-10-28,"Leverkusen","FC Koln",2,1,"H"
"88",2017-10-28,"Schalke 04","Wolfsburg",1,1,"D"
"89",2017-10-29,"Stuttgart","Freiburg",3,0,"H"
"90",2017-10-29,"Werder Bremen","Augsburg",0,3,"A"
"91",2017-11-03,"Ein Frankfurt","Werder Bremen",2,1,"H"
"92",2017-11-04,"Augsburg","Leverkusen",1,1,"D"
"93",2017-11-04,"Dortmund","Bayern Munich",1,3,"A"
"94",2017-11-04,"Freiburg","Schalke 04",0,1,"A"
"95",2017-11-04,"Hamburg","Stuttgart",3,1,"H"
"96",2017-11-04,"M'gladbach","Mainz",1,1,"D"
"97",2017-11-04,"RB Leipzig","Hannover",2,1,"H"
"98",2017-11-05,"FC Koln","Hoffenheim",0,3,"A"
"99",2017-11-05,"Wolfsburg","Hertha",3,3,"D"
"100",2017-11-17,"Stuttgart","Dortmund",2,1,"H"
"101",2017-11-18,"Bayern Munich","Augsburg",3,0,"H"
"102",2017-11-18,"Hertha","M'gladbach",2,4,"A"
"103",2017-11-18,"Hoffenheim","Ein Frankfurt",1,1,"D"
"104",2017-11-18,"Leverkusen","RB Leipzig",2,2,"D"
"105",2017-11-18,"Mainz","FC Koln",1,0,"H"
"106",2017-11-18,"Wolfsburg","Freiburg",3,1,"H"
"107",2017-11-19,"Schalke 04","Hamburg",2,0,"H"
"108",2017-11-19,"Werder Bremen","Hannover",4,0,"H"
"109",2017-11-24,"Hannover","Stuttgart",1,1,"D"
"110",2017-11-25,"Augsburg","Wolfsburg",2,1,"H"
"111",2017-11-25,"Dortmund","Schalke 04",4,4,"D"
"112",2017-11-25,"Ein Frankfurt","Leverkusen",0,1,"A"
"113",2017-11-25,"Freiburg","Mainz",2,1,"H"
"114",2017-11-25,"M'gladbach","Bayern Munich",2,1,"H"
"115",2017-11-25,"RB Leipzig","Werder Bremen",2,0,"H"
"116",2017-11-26,"FC Koln","Hertha",0,2,"A"
"117",2017-11-26,"Hamburg","Hoffenheim",3,0,"H"
"118",2017-12-01,"Freiburg","Hamburg",0,0,"D"
"119",2017-12-02,"Bayern Munich","Hannover",3,1,"H"
"120",2017-12-02,"Hoffenheim","RB Leipzig",4,0,"H"
"121",2017-12-02,"Leverkusen","Dortmund",1,1,"D"
"122",2017-12-02,"Mainz","Augsburg",1,3,"A"
"123",2017-12-02,"Schalke 04","FC Koln",2,2,"D"
"124",2017-12-02,"Werder Bremen","Stuttgart",1,0,"H"
"125",2017-12-03,"Hertha","Ein Frankfurt",1,2,"A"
"126",2017-12-03,"Wolfsburg","M'gladbach",3,0,"H"
"127",2017-12-08,"Stuttgart","Leverkusen",0,2,"A"
"128",2017-12-09,"Dortmund","Werder Bremen",1,2,"A"
"129",2017-12-09,"Ein Frankfurt","Bayern Munich",0,1,"A"
"130",2017-12-09,"Hamburg","Wolfsburg",0,0,"D"
"131",2017-12-09,"M'gladbach","Schalke 04",1,1,"D"
"132",2017-12-09,"RB Leipzig","Mainz",2,2,"D"
"133",2017-12-10,"Augsburg","Hertha",1,1,"D"
"134",2017-12-10,"FC Koln","Freiburg",3,4,"A"
"135",2017-12-10,"Hannover","Hoffenheim",2,0,"H"
"136",2017-12-12,"Freiburg","M'gladbach",1,0,"H"
"137",2017-12-12,"Hamburg","Ein Frankfurt",1,2,"A"
"138",2017-12-12,"Mainz","Dortmund",0,2,"A"
"139",2017-12-12,"Wolfsburg","RB Leipzig",1,1,"D"
"140",2017-12-13,"Bayern Munich","FC Koln",1,0,"H"
"141",2017-12-13,"Hertha","Hannover",3,1,"H"
"142",2017-12-13,"Hoffenheim","Stuttgart",1,0,"H"
"143",2017-12-13,"Leverkusen","Werder Bremen",1,0,"H"
"144",2017-12-13,"Schalke 04","Augsburg",3,2,"H"
"145",2017-12-15,"M'gladbach","Hamburg",3,1,"H"
"146",2017-12-16,"Augsburg","Freiburg",3,3,"D"
"147",2017-12-16,"Dortmund","Hoffenheim",2,1,"H"
"148",2017-12-16,"Ein Frankfurt","Schalke 04",2,2,"D"
"149",2017-12-16,"FC Koln","Wolfsburg",1,0,"H"
"150",2017-12-16,"Stuttgart","Bayern Munich",0,1,"A"
"151",2017-12-16,"Werder Bremen","Mainz",2,2,"D"
"152",2017-12-17,"Hannover","Leverkusen",4,4,"D"
"153",2017-12-17,"RB Leipzig","Hertha",2,3,"A"
"154",2018-01-12,"Leverkusen","Bayern Munich",1,3,"A"
"155",2018-01-13,"Augsburg","Hamburg",1,0,"H"
"156",2018-01-13,"Ein Frankfurt","Freiburg",1,1,"D"
"157",2018-01-13,"Hannover","Mainz",3,2,"H"
"158",2018-01-13,"RB Leipzig","Schalke 04",3,1,"H"
"159",2018-01-13,"Stuttgart","Hertha",1,0,"H"
"160",2018-01-13,"Werder Bremen","Hoffenheim",1,1,"D"
"161",2018-01-14,"Dortmund","Wolfsburg",0,0,"D"
"162",2018-01-14,"FC Koln","M'gladbach",2,1,"H"
"163",2018-01-19,"Hertha","Dortmund",1,1,"D"
"164",2018-01-20,"Freiburg","RB Leipzig",2,1,"H"
"165",2018-01-20,"Hamburg","FC Koln",0,2,"A"
"166",2018-01-20,"Hoffenheim","Leverkusen",1,4,"A"
"167",2018-01-20,"Mainz","Stuttgart",3,2,"H"
"168",2018-01-20,"M'gladbach","Augsburg",2,0,"H"
"169",2018-01-20,"Wolfsburg","Ein Frankfurt",1,3,"A"
"170",2018-01-21,"Bayern Munich","Werder Bremen",4,2,"H"
"171",2018-01-21,"Schalke 04","Hannover",1,1,"D"
"172",2018-01-26,"Ein Frankfurt","M'gladbach",2,0,"H"
"173",2018-01-27,"Bayern Munich","Hoffenheim",5,2,"H"
"174",2018-01-27,"Dortmund","Freiburg",2,2,"D"
"175",2018-01-27,"FC Koln","Augsburg",1,1,"D"
"176",2018-01-27,"RB Leipzig","Hamburg",1,1,"D"
"177",2018-01-27,"Stuttgart","Schalke 04",0,2,"A"
"178",2018-01-27,"Werder Bremen","Hertha",0,0,"D"
"179",2018-01-28,"Hannover","Wolfsburg",0,1,"A"
"180",2018-01-28,"Leverkusen","Mainz",2,0,"H"
"181",2018-02-02,"FC Koln","Dortmund",2,3,"A"
"182",2018-02-03,"Freiburg","Leverkusen",0,0,"D"
"183",2018-02-03,"Hertha","Hoffenheim",1,1,"D"
"184",2018-02-03,"Mainz","Bayern Munich",0,2,"A"
"185",2018-02-03,"M'gladbach","RB Leipzig",0,1,"A"
"186",2018-02-03,"Schalke 04","Werder Bremen",1,2,"A"
"187",2018-02-03,"Wolfsburg","Stuttgart",1,1,"D"
"188",2018-02-04,"Augsburg","Ein Frankfurt",3,0,"H"
"189",2018-02-04,"Hamburg","Hannover",1,1,"D"
"190",2018-02-09,"RB Leipzig","Augsburg",2,0,"H"
"191",2018-02-10,"Bayern Munich","Schalke 04",2,1,"H"
"192",2018-02-10,"Dortmund","Hamburg",2,0,"H"
"193",2018-02-10,"Ein Frankfurt","FC Koln",4,2,"H"
"194",2018-02-10,"Hannover","Freiburg",2,1,"H"
"195",2018-02-10,"Hoffenheim","Mainz",4,2,"H"
"196",2018-02-10,"Leverkusen","Hertha",0,2,"A"
"197",2018-02-11,"Stuttgart","M'gladbach",1,0,"H"
"198",2018-02-11,"Werder Bremen","Wolfsburg",3,1,"H"
"199",2018-02-16,"Hertha","Mainz",0,2,"A"
"200",2018-02-17,"FC Koln","Hannover",1,1,"D"
"201",2018-02-17,"Freiburg","Werder Bremen",1,0,"H"
"202",2018-02-17,"Hamburg","Leverkusen",1,2,"A"
"203",2018-02-17,"Schalke 04","Hoffenheim",2,1,"H"
"204",2018-02-17,"Wolfsburg","Bayern Munich",1,2,"A"
"205",2018-02-18,"Augsburg","Stuttgart",0,1,"A"
"206",2018-02-18,"M'gladbach","Dortmund",0,1,"A"
"207",2018-02-19,"Ein Frankfurt","RB Leipzig",2,1,"H"
"208",2018-02-23,"Mainz","Wolfsburg",1,1,"D"
"209",2018-02-24,"Bayern Munich","Hertha",0,0,"D"
"210",2018-02-24,"Hannover","M'gladbach",0,1,"A"
"211",2018-02-24,"Hoffenheim","Freiburg",1,1,"D"
"212",2018-02-24,"Stuttgart","Ein Frankfurt",1,0,"H"
"213",2018-02-24,"Werder Bremen","Hamburg",1,0,"H"
"214",2018-02-25,"Leverkusen","Schalke 04",0,2,"A"
"215",2018-02-25,"RB Leipzig","FC Koln",1,2,"A"
"216",2018-02-26,"Dortmund","Augsburg",1,1,"D"
"217",2018-03-02,"M'gladbach","Werder Bremen",2,2,"D"
"218",2018-03-03,"Augsburg","Hoffenheim",0,2,"A"
"219",2018-03-03,"Ein Frankfurt","Hannover",1,0,"H"
"220",2018-03-03,"Hamburg","Mainz",0,0,"D"
"221",2018-03-03,"RB Leipzig","Dortmund",1,1,"D"
"222",2018-03-03,"Schalke 04","Hertha",1,0,"H"
"223",2018-03-03,"Wolfsburg","Leverkusen",1,2,"A"
"224",2018-03-04,"FC Koln","Stuttgart",2,3,"A"
"225",2018-03-04,"Freiburg","Bayern Munich",0,4,"A"
"226",2018-03-09,"Mainz","Schalke 04",0,1,"A"
"227",2018-03-10,"Bayern Munich","Hamburg",6,0,"H"
"228",2018-03-10,"Hannover","Augsburg",1,3,"A"
"229",2018-03-10,"Hertha","Freiburg",0,0,"D"
"230",2018-03-10,"Hoffenheim","Wolfsburg",3,0,"H"
"231",2018-03-10,"Leverkusen","M'gladbach",2,0,"H"
"232",2018-03-11,"Dortmund","Ein Frankfurt",3,2,"H"
"233",2018-03-11,"Stuttgart","RB Leipzig",0,0,"D"
"234",2018-03-12,"Werder Bremen","FC Koln",3,1,"H"
"235",2018-03-16,"Freiburg","Stuttgart",1,2,"A"
"236",2018-03-17,"Augsburg","Werder Bremen",1,3,"A"
"237",2018-03-17,"Ein Frankfurt","Mainz",3,0,"H"
"238",2018-03-17,"Hamburg","Hertha",1,2,"A"
"239",2018-03-17,"M'gladbach","Hoffenheim",3,3,"D"
"240",2018-03-17,"Wolfsburg","Schalke 04",0,1,"A"
"241",2018-03-18,"Dortmund","Hannover",1,0,"H"
"242",2018-03-18,"FC Koln","Leverkusen",2,0,"H"
"243",2018-03-18,"RB Leipzig","Bayern Munich",2,1,"H"
"244",2018-03-31,"Bayern Munich","Dortmund",6,0,"H"
"245",2018-03-31,"Hannover","RB Leipzig",2,3,"A"
"246",2018-03-31,"Hertha","Wolfsburg",0,0,"D"
"247",2018-03-31,"Hoffenheim","FC Koln",6,0,"H"
"248",2018-03-31,"Leverkusen","Augsburg",0,0,"D"
"249",2018-03-31,"Schalke 04","Freiburg",2,0,"H"
"250",2018-03-31,"Stuttgart","Hamburg",1,1,"D"
"251",2018-04-01,"Mainz","M'gladbach",0,0,"D"
"252",2018-04-01,"Werder Bremen","Ein Frankfurt",2,1,"H"
"253",2018-04-06,"Hannover","Werder Bremen",2,1,"H"
"254",2018-04-07,"Augsburg","Bayern Munich",1,4,"A"
"255",2018-04-07,"FC Koln","Mainz",1,1,"D"
"256",2018-04-07,"Freiburg","Wolfsburg",0,2,"A"
"257",2018-04-07,"Hamburg","Schalke 04",3,2,"H"
"258",2018-04-07,"M'gladbach","Hertha",2,1,"H"
"259",2018-04-08,"Dortmund","Stuttgart",3,0,"H"
"260",2018-04-08,"Ein Frankfurt","Hoffenheim",1,1,"D"
"261",2018-04-09,"RB Leipzig","Leverkusen",1,4,"A"
"262",2018-04-13,"Wolfsburg","Augsburg",0,0,"D"
"263",2018-04-14,"Bayern Munich","M'gladbach",5,1,"H"
"264",2018-04-14,"Hertha","FC Koln",2,1,"H"
"265",2018-04-14,"Hoffenheim","Hamburg",2,0,"H"
"266",2018-04-14,"Leverkusen","Ein Frankfurt",4,1,"H"
"267",2018-04-14,"Stuttgart","Hannover",1,1,"D"
"268",2018-04-15,"Schalke 04","Dortmund",2,0,"H"
"269",2018-04-15,"Werder Bremen","RB Leipzig",1,1,"D"
"270",2018-04-16,"Mainz","Freiburg",2,0,"H"
"271",2018-04-20,"M'gladbach","Wolfsburg",3,0,"H"
"272",2018-04-21,"Dortmund","Leverkusen",4,0,"H"
"273",2018-04-21,"Ein Frankfurt","Hertha",0,3,"A"
"274",2018-04-21,"Hamburg","Freiburg",1,0,"H"
"275",2018-04-21,"Hannover","Bayern Munich",0,3,"A"
"276",2018-04-21,"RB Leipzig","Hoffenheim",2,5,"A"
"277",2018-04-21,"Stuttgart","Werder Bremen",2,0,"H"
"278",2018-04-22,"Augsburg","Mainz",2,0,"H"
"279",2018-04-22,"FC Koln","Schalke 04",2,2,"D"
"280",2018-04-27,"Hoffenheim","Hannover",3,1,"H"
"281",2018-04-28,"Bayern Munich","Ein Frankfurt",4,1,"H"
"282",2018-04-28,"Freiburg","FC Koln",3,2,"H"
"283",2018-04-28,"Hertha","Augsburg",2,2,"D"
"284",2018-04-28,"Leverkusen","Stuttgart",0,1,"A"
"285",2018-04-28,"Schalke 04","M'gladbach",1,1,"D"
"286",2018-04-28,"Wolfsburg","Hamburg",1,3,"A"
"287",2018-04-29,"Mainz","RB Leipzig",3,0,"H"
"288",2018-04-29,"Werder Bremen","Dortmund",1,1,"D"
"289",2018-05-05,"Augsburg","Schalke 04",1,2,"A"
"290",2018-05-05,"Dortmund","Mainz",1,2,"A"
"291",2018-05-05,"Ein Frankfurt","Hamburg",3,0,"H"
"292",2018-05-05,"FC Koln","Bayern Munich",1,3,"A"
"293",2018-05-05,"Hannover","Hertha",3,1,"H"
"294",2018-05-05,"M'gladbach","Freiburg",3,1,"H"
"295",2018-05-05,"RB Leipzig","Wolfsburg",4,1,"H"
"296",2018-05-05,"Stuttgart","Hoffenheim",2,0,"H"
"297",2018-05-05,"Werder Bremen","Leverkusen",0,0,"D"
"298",2018-05-12,"Bayern Munich","Stuttgart",1,4,"A"
"299",2018-05-12,"Freiburg","Augsburg",2,0,"H"
"300",2018-05-12,"Hamburg","M'gladbach",2,1,"H"
"301",2018-05-12,"Hertha","RB Leipzig",2,6,"A"
"302",2018-05-12,"Hoffenheim","Dortmund",3,1,"H"
"303",2018-05-12,"Leverkusen","Hannover",3,2,"H"
"304",2018-05-12,"Mainz","Werder Bremen",1,2,"A"
"305",2018-05-12,"Schalke 04","Ein Frankfurt",1,0,"H"
"306",2018-05-12,"Wolfsburg","FC Koln",4,1,"H"
"307",2020-08-24,"Bayern Munich","Hoffenheim",3,1,"H"
"308",2020-08-25,"Fortuna Dusseldorf","Augsburg",1,2,"A"
"309",2020-08-25,"Freiburg","Ein Frankfurt",0,2,"A"
"310",2020-08-25,"Hertha","Nurnberg",1,0,"H"
"311",2020-08-25,"M'gladbach","Leverkusen",2,0,"H"
"312",2020-08-25,"Werder Bremen","Hannover",1,1,"D"
"313",2020-08-25,"Wolfsburg","Schalke 04",2,1,"H"
"314",2020-08-26,"Dortmund","RB Leipzig",4,1,"H"
"315",2020-08-26,"Mainz","Stuttgart",1,0,"H"
"316",2020-08-31,"Hannover","Dortmund",0,0,"D"
"317",2020-09-01,"Augsburg","M'gladbach",1,1,"D"
"318",2020-09-01,"Ein Frankfurt","Werder Bremen",1,2,"A"
"319",2020-09-01,"Hoffenheim","Freiburg",3,1,"H"
"320",2020-09-01,"Leverkusen","Wolfsburg",1,3,"A"
"321",2020-09-01,"Nurnberg","Mainz",1,1,"D"
"322",2020-09-01,"Stuttgart","Bayern Munich",0,3,"A"
"323",2020-09-02,"RB Leipzig","Fortuna Dusseldorf",1,1,"D"
"324",2020-09-02,"Schalke 04","Hertha",0,2,"A"
"325",2020-09-14,"Dortmund","Ein Frankfurt",3,1,"H"
"326",2020-09-15,"Bayern Munich","Leverkusen",3,1,"H"
"327",2020-09-15,"Fortuna Dusseldorf","Hoffenheim",2,1,"H"
"328",2020-09-15,"Mainz","Augsburg",2,1,"H"
"329",2020-09-15,"M'gladbach","Schalke 04",2,1,"H"
"330",2020-09-15,"RB Leipzig","Hannover",3,2,"H"
"331",2020-09-15,"Wolfsburg","Hertha",2,2,"D"
"332",2020-09-16,"Freiburg","Stuttgart",3,3,"D"
"333",2020-09-16,"Werder Bremen","Nurnberg",1,1,"D"
"334",2020-09-21,"Stuttgart","Fortuna Dusseldorf",0,0,"D"
"335",2020-09-22,"Augsburg","Werder Bremen",2,3,"A"
"336",2020-09-22,"Hertha","M'gladbach",4,2,"H"
"337",2020-09-22,"Hoffenheim","Dortmund",1,1,"D"
"338",2020-09-22,"Nurnberg","Hannover",2,0,"H"
"339",2020-09-22,"Schalke 04","Bayern Munich",0,2,"A"
"340",2020-09-22,"Wolfsburg","Freiburg",1,3,"A"
"341",2020-09-23,"Ein Frankfurt","RB Leipzig",1,1,"D"
"342",2020-09-23,"Leverkusen","Mainz",1,0,"H"
"343",2020-09-25,"Bayern Munich","Augsburg",1,1,"D"
"344",2020-09-25,"Freiburg","Schalke 04",1,0,"H"
"345",2020-09-25,"Hannover","Hoffenheim",1,3,"A"
"346",2020-09-25,"Werder Bremen","Hertha",3,1,"H"
"347",2020-09-26,"Dortmund","Nurnberg",7,0,"H"
"348",2020-09-26,"Fortuna Dusseldorf","Leverkusen",1,2,"A"
"349",2020-09-26,"Mainz","Wolfsburg",0,0,"D"
"350",2020-09-26,"M'gladbach","Ein Frankfurt",3,1,"H"
"351",2020-09-26,"RB Leipzig","Stuttgart",2,0,"H"
"352",2020-09-28,"Hertha","Bayern Munich",2,0,"H"
"353",2020-09-29,"Hoffenheim","RB Leipzig",1,2,"A"
"354",2020-09-29,"Leverkusen","Dortmund",2,4,"A"
"355",2020-09-29,"Nurnberg","Fortuna Dusseldorf",3,0,"H"
"356",2020-09-29,"Schalke 04","Mainz",1,0,"H"
"357",2020-09-29,"Stuttgart","Werder Bremen",2,1,"H"
"358",2020-09-29,"Wolfsburg","M'gladbach",2,2,"D"
"359",2020-09-30,"Augsburg","Freiburg",4,1,"H"
"360",2020-09-30,"Ein Frankfurt","Hannover",4,1,"H"
"361",2020-10-05,"Werder Bremen","Wolfsburg",2,0,"H"
"362",2020-10-06,"Bayern Munich","M'gladbach",0,3,"A"
"363",2020-10-06,"Dortmund","Augsburg",4,3,"H"
"364",2020-10-06,"Fortuna Dusseldorf","Schalke 04",0,2,"A"
"365",2020-10-06,"Hannover","Stuttgart",3,1,"H"
"366",2020-10-06,"Mainz","Hertha",0,0,"D"
"367",2020-10-07,"Freiburg","Leverkusen",0,0,"D"
"368",2020-10-07,"Hoffenheim","Ein Frankfurt",1,2,"A"
"369",2020-10-07,"RB Leipzig","Nurnberg",6,0,"H"
"370",2020-10-19,"Ein Frankfurt","Fortuna Dusseldorf",7,1,"H"
"371",2020-10-20,"Augsburg","RB Leipzig",0,0,"D"
"372",2020-10-20,"Leverkusen","Hannover",2,2,"D"
"373",2020-10-20,"Nurnberg","Hoffenheim",1,3,"A"
"374",2020-10-20,"Schalke 04","Werder Bremen",0,2,"A"
"375",2020-10-20,"Stuttgart","Dortmund",0,4,"A"
"376",2020-10-20,"Wolfsburg","Bayern Munich",1,3,"A"
"377",2020-10-21,"Hertha","Freiburg",1,1,"D"
"378",2020-10-21,"M'gladbach","Mainz",4,0,"H"
"379",2020-10-26,"Freiburg","M'gladbach",3,1,"H"
"380",2020-10-27,"Dortmund","Hertha",2,2,"D"
"381",2020-10-27,"Fortuna Dusseldorf","Wolfsburg",0,3,"A"
"382",2020-10-27,"Hannover","Augsburg",1,2,"A"
"383",2020-10-27,"Hoffenheim","Stuttgart",4,0,"H"
"384",2020-10-27,"Mainz","Bayern Munich",1,2,"A"
"385",2020-10-28,"Nurnberg","Ein Frankfurt",1,1,"D"
"386",2020-10-28,"RB Leipzig","Schalke 04",0,0,"D"
"387",2020-10-28,"Werder Bremen","Leverkusen",2,6,"A"
"388",2020-11-02,"Stuttgart","Ein Frankfurt",0,3,"A"
"389",2020-11-03,"Augsburg","Nurnberg",2,2,"D"
"390",2020-11-03,"Bayern Munich","Freiburg",1,1,"D"
"391",2020-11-03,"Hertha","RB Leipzig",0,3,"A"
"392",2020-11-03,"Leverkusen","Hoffenheim",1,4,"A"
"393",2020-11-03,"Schalke 04","Hannover",3,1,"H"
"394",2020-11-03,"Wolfsburg","Dortmund",0,1,"A"
"395",2020-11-04,"Mainz","Werder Bremen",2,1,"H"
"396",2020-11-04,"M'gladbach","Fortuna Dusseldorf",3,0,"H"
"397",2020-11-09,"Hannover","Wolfsburg",2,1,"H"
"398",2020-11-10,"Dortmund","Bayern Munich",3,2,"H"
"399",2020-11-10,"Fortuna Dusseldorf","Hertha",4,1,"H"
"400",2020-11-10,"Freiburg","Mainz",1,3,"A"
"401",2020-11-10,"Hoffenheim","Augsburg",2,1,"H"
"402",2020-11-10,"Nurnberg","Stuttgart",0,2,"A"
"403",2020-11-10,"Werder Bremen","M'gladbach",1,3,"A"
"404",2020-11-11,"Ein Frankfurt","Schalke 04",3,0,"H"
"405",2020-11-11,"RB Leipzig","Leverkusen",3,0,"H"
"406",2020-11-23,"Leverkusen","Stuttgart",2,0,"H"
"407",2020-11-24,"Augsburg","Ein Frankfurt",1,3,"A"
"408",2020-11-24,"Bayern Munich","Fortuna Dusseldorf",3,3,"D"
"409",2020-11-24,"Hertha","Hoffenheim",3,3,"D"
"410",2020-11-24,"Mainz","Dortmund",1,2,"A"
"411",2020-11-24,"Schalke 04","Nurnberg",5,2,"H"
"412",2020-11-24,"Wolfsburg","RB Leipzig",1,0,"H"
"413",2020-11-25,"Freiburg","Werder Bremen",1,1,"D"
"414",2020-11-25,"M'gladbach","Hannover",4,1,"H"
"415",2020-11-30,"Fortuna Dusseldorf","Mainz",0,1,"A"
"416",2020-12-01,"Dortmund","Freiburg",2,0,"H"
"417",2020-12-01,"Hannover","Hertha",0,2,"A"
"418",2020-12-01,"Hoffenheim","Schalke 04",1,1,"D"
"419",2020-12-01,"Stuttgart","Augsburg",1,0,"H"
"420",2020-12-01,"Werder Bremen","Bayern Munich",1,2,"A"
"421",2020-12-02,"Ein Frankfurt","Wolfsburg",1,2,"A"
"422",2020-12-02,"RB Leipzig","M'gladbach",2,0,"H"
"423",2020-12-03,"Nurnberg","Leverkusen",1,1,"D"
"424",2020-12-07,"Werder Bremen","Fortuna Dusseldorf",3,1,"H"
"425",2020-12-08,"Bayern Munich","Nurnberg",3,0,"H"
"426",2020-12-08,"Freiburg","RB Leipzig",3,0,"H"
"427",2020-12-08,"Hertha","Ein Frankfurt",1,0,"H"
"428",2020-12-08,"Leverkusen","Augsburg",1,0,"H"
"429",2020-12-08,"Schalke 04","Dortmund",1,2,"A"
"430",2020-12-08,"Wolfsburg","Hoffenheim",2,2,"D"
"431",2020-12-09,"Mainz","Hannover",1,1,"D"
"432",2020-12-09,"M'gladbach","Stuttgart",3,0,"H"
"433",2020-12-14,"Nurnberg","Wolfsburg",0,2,"A"
"434",2020-12-15,"Augsburg","Schalke 04",1,1,"D"
"435",2020-12-15,"Dortmund","Werder Bremen",2,1,"H"
"436",2020-12-15,"Fortuna Dusseldorf","Freiburg",2,0,"H"
"437",2020-12-15,"Hannover","Bayern Munich",0,4,"A"
"438",2020-12-15,"Hoffenheim","M'gladbach",0,0,"D"
"439",2020-12-15,"Stuttgart","Hertha",2,1,"H"
"440",2020-12-16,"Ein Frankfurt","Leverkusen",2,1,"H"
"441",2020-12-16,"RB Leipzig","Mainz",4,1,"H"
"442",2020-12-18,"Fortuna Dusseldorf","Dortmund",2,1,"H"
"443",2020-12-18,"Hertha","Augsburg",2,2,"D"
"444",2020-12-18,"M'gladbach","Nurnberg",2,0,"H"
"445",2020-12-18,"Wolfsburg","Stuttgart",2,0,"H"
"446",2020-12-19,"Bayern Munich","RB Leipzig",1,0,"H"
"447",2020-12-19,"Freiburg","Hannover",1,1,"D"
"448",2020-12-19,"Mainz","Ein Frankfurt",2,2,"D"
"449",2020-12-19,"Schalke 04","Leverkusen",1,2,"A"
"450",2020-12-19,"Werder Bremen","Hoffenheim",1,1,"D"
"451",2020-12-21,"Dortmund","M'gladbach",2,1,"H"
"452",2020-12-22,"Ein Frankfurt","Bayern Munich",0,3,"A"
"453",2020-12-22,"Hannover","Fortuna Dusseldorf",0,1,"A"
"454",2020-12-22,"Leverkusen","Hertha",3,1,"H"
"455",2020-12-22,"Nurnberg","Freiburg",0,1,"A"
"456",2020-12-22,"RB Leipzig","Werder Bremen",3,2,"H"
"457",2020-12-22,"Stuttgart","Schalke 04",1,3,"A"
"458",2020-12-23,"Augsburg","Wolfsburg",2,3,"A"
"459",2020-12-23,"Hoffenheim","Mainz",1,1,"D"
"460",2020-01-18,"Hoffenheim","Bayern Munich",1,3,"A"
"461",2020-01-19,"Augsburg","Fortuna Dusseldorf",1,2,"A"
"462",2020-01-19,"Ein Frankfurt","Freiburg",3,1,"H"
"463",2020-01-19,"Hannover","Werder Bremen",0,1,"A"
"464",2020-01-19,"Leverkusen","M'gladbach",0,1,"A"
"465",2020-01-19,"RB Leipzig","Dortmund",0,1,"A"
"466",2020-01-19,"Stuttgart","Mainz",2,3,"A"
"467",2020-01-20,"Nurnberg","Hertha",1,3,"A"
"468",2020-01-20,"Schalke 04","Wolfsburg",2,1,"H"
"469",2020-01-25,"Hertha","Schalke 04",2,2,"D"
"470",2020-01-26,"Dortmund","Hannover",5,1,"H"
"471",2020-01-26,"Freiburg","Hoffenheim",2,4,"A"
"472",2020-01-26,"Mainz","Nurnberg",2,1,"H"
"473",2020-01-26,"M'gladbach","Augsburg",2,0,"H"
"474",2020-01-26,"Werder Bremen","Ein Frankfurt",2,2,"D"
"475",2020-01-26,"Wolfsburg","Leverkusen",0,3,"A"
"476",2020-01-27,"Bayern Munich","Stuttgart",4,1,"H"
"477",2020-01-27,"Fortuna Dusseldorf","RB Leipzig",0,4,"A"
"478",2020-02-01,"Hannover","RB Leipzig",0,3,"A"
"479",2020-02-02,"Ein Frankfurt","Dortmund",1,1,"D"
"480",2020-02-02,"Hertha","Wolfsburg",0,1,"A"
"481",2020-02-02,"Hoffenheim","Fortuna Dusseldorf",1,1,"D"
"482",2020-02-02,"Leverkusen","Bayern Munich",3,1,"H"
"483",2020-02-02,"Nurnberg","Werder Bremen",1,1,"D"
"484",2020-02-02,"Schalke 04","M'gladbach",0,2,"A"
"485",2020-02-03,"Augsburg","Mainz",3,0,"H"
"486",2020-02-03,"Stuttgart","Freiburg",2,2,"D"
"487",2020-02-08,"Mainz","Leverkusen",1,5,"A"
"488",2020-02-09,"Bayern Munich","Schalke 04",3,1,"H"
"489",2020-02-09,"Dortmund","Hoffenheim",3,3,"D"
"490",2020-02-09,"Freiburg","Wolfsburg",3,3,"D"
"491",2020-02-09,"Hannover","Nurnberg",2,0,"H"
"492",2020-02-09,"M'gladbach","Hertha",0,3,"A"
"493",2020-02-09,"RB Leipzig","Ein Frankfurt",0,0,"D"
"494",2020-02-10,"Fortuna Dusseldorf","Stuttgart",3,0,"H"
"495",2020-02-10,"Werder Bremen","Augsburg",4,0,"H"
"496",2020-02-15,"Augsburg","Bayern Munich",2,3,"A"
"497",2020-02-16,"Hertha","Werder Bremen",1,1,"D"
"498",2020-02-16,"Hoffenheim","Hannover",3,0,"H"
"499",2020-02-16,"Schalke 04","Freiburg",0,0,"D"
"500",2020-02-16,"Stuttgart","RB Leipzig",1,3,"A"
"501",2020-02-16,"Wolfsburg","Mainz",3,0,"H"
"502",2020-02-17,"Ein Frankfurt","M'gladbach",1,1,"D"
"503",2020-02-17,"Leverkusen","Fortuna Dusseldorf",2,0,"H"
"504",2020-02-18,"Nurnberg","Dortmund",0,0,"D"
"505",2020-02-22,"Werder Bremen","Stuttgart",1,1,"D"
"506",2020-02-23,"Bayern Munich","Hertha",1,0,"H"
"507",2020-02-23,"Fortuna Dusseldorf","Nurnberg",2,1,"H"
"508",2020-02-23,"Freiburg","Augsburg",5,1,"H"
"509",2020-02-23,"Mainz","Schalke 04",3,0,"H"
"510",2020-02-23,"M'gladbach","Wolfsburg",0,3,"A"
"511",2020-02-24,"Dortmund","Leverkusen",3,2,"H"
"512",2020-02-24,"Hannover","Ein Frankfurt",0,3,"A"
"513",2020-02-25,"RB Leipzig","Hoffenheim",1,1,"D"
"514",2020-03-01,"Augsburg","Dortmund",2,1,"H"
"515",2020-03-02,"Ein Frankfurt","Hoffenheim",3,2,"H"
"516",2020-03-02,"Hertha","Mainz",2,1,"H"
"517",2020-03-02,"Leverkusen","Freiburg",2,0,"H"
"518",2020-03-02,"M'gladbach","Bayern Munich",1,5,"A"
"519",2020-03-02,"Nurnberg","RB Leipzig",0,1,"A"
"520",2020-03-02,"Schalke 04","Fortuna Dusseldorf",0,4,"A"
"521",2020-03-03,"Stuttgart","Hannover",5,1,"H"
"522",2020-03-03,"Wolfsburg","Werder Bremen",1,1,"D"
"523",2020-03-08,"Werder Bremen","Schalke 04",4,2,"H"
"524",2020-03-09,"Bayern Munich","Wolfsburg",6,0,"H"
"525",2020-03-09,"Dortmund","Stuttgart",3,1,"H"
"526",2020-03-09,"Freiburg","Hertha",2,1,"H"
"527",2020-03-09,"Mainz","M'gladbach",0,1,"A"
"528",2020-03-09,"RB Leipzig","Augsburg",0,0,"D"
"529",2020-03-10,"Hannover","Leverkusen",2,3,"A"
"530",2020-03-10,"Hoffenheim","Nurnberg",2,1,"H"
"531",2020-03-11,"Fortuna Dusseldorf","Ein Frankfurt",0,3,"A"
"532",2020-03-15,"M'gladbach","Freiburg",1,1,"D"
"533",2020-03-16,"Augsburg","Hannover",3,1,"H"
"534",2020-03-16,"Hertha","Dortmund",2,3,"A"
"535",2020-03-16,"Schalke 04","RB Leipzig",0,1,"A"
"536",2020-03-16,"Stuttgart","Hoffenheim",1,1,"D"
"537",2020-03-16,"Wolfsburg","Fortuna Dusseldorf",5,2,"H"
"538",2020-03-17,"Bayern Munich","Mainz",6,0,"H"
"539",2020-03-17,"Ein Frankfurt","Nurnberg",1,0,"H"
"540",2020-03-17,"Leverkusen","Werder Bremen",1,3,"A"
"541",2020-03-29,"Hoffenheim","Leverkusen",4,1,"H"
"542",2020-03-30,"Dortmund","Wolfsburg",2,0,"H"
"543",2020-03-30,"Fortuna Dusseldorf","M'gladbach",3,1,"H"
"544",2020-03-30,"Freiburg","Bayern Munich",1,1,"D"
"545",2020-03-30,"Nurnberg","Augsburg",3,0,"H"
"546",2020-03-30,"RB Leipzig","Hertha",5,0,"H"
"547",2020-03-30,"Werder Bremen","Mainz",3,1,"H"
"548",2020-03-31,"Ein Frankfurt","Stuttgart",3,0,"H"
"549",2020-03-31,"Hannover","Schalke 04",0,1,"A"
"550",2020-04-05,"Mainz","Freiburg",5,0,"H"
"551",2020-04-06,"Bayern Munich","Dortmund",5,0,"H"
"552",2020-04-06,"Hertha","Fortuna Dusseldorf",1,2,"A"
"553",2020-04-06,"Leverkusen","RB Leipzig",2,4,"A"
"554",2020-04-06,"Schalke 04","Ein Frankfurt",1,2,"A"
"555",2020-04-06,"Stuttgart","Nurnberg",1,1,"D"
"556",2020-04-06,"Wolfsburg","Hannover",3,1,"H"
"557",2020-04-07,"Augsburg","Hoffenheim",0,4,"A"
"558",2020-04-07,"M'gladbach","Werder Bremen",1,1,"D"
"559",2020-04-12,"Nurnberg","Schalke 04",1,1,"D"
"560",2020-04-13,"Dortmund","Mainz",2,1,"H"
"561",2020-04-13,"Hannover","M'gladbach",0,1,"A"
"562",2020-04-13,"RB Leipzig","Wolfsburg",2,0,"H"
"563",2020-04-13,"Stuttgart","Leverkusen",0,1,"A"
"564",2020-04-13,"Werder Bremen","Freiburg",2,1,"H"
"565",2020-04-14,"Ein Frankfurt","Augsburg",1,3,"A"
"566",2020-04-14,"Fortuna Dusseldorf","Bayern Munich",1,4,"A"
"567",2020-04-14,"Hoffenheim","Hertha",2,0,"H"
"568",2020-04-20,"Augsburg","Stuttgart",6,0,"H"
"569",2020-04-20,"Bayern Munich","Werder Bremen",1,0,"H"
"570",2020-04-20,"Leverkusen","Nurnberg",2,0,"H"
"571",2020-04-20,"Mainz","Fortuna Dusseldorf",3,1,"H"
"572",2020-04-20,"M'gladbach","RB Leipzig",1,2,"A"
"573",2020-04-20,"Schalke 04","Hoffenheim",2,5,"A"
"574",2020-04-21,"Freiburg","Dortmund",0,4,"A"
"575",2020-04-21,"Hertha","Hannover",0,0,"D"
"576",2020-04-22,"Wolfsburg","Ein Frankfurt",1,1,"D"
"577",2020-04-26,"Augsburg","Leverkusen",1,4,"A"
"578",2020-04-27,"Dortmund","Schalke 04",2,4,"A"
"579",2020-04-27,"Ein Frankfurt","Hertha",0,0,"D"
"580",2020-04-27,"Fortuna Dusseldorf","Werder Bremen",4,1,"H"
"581",2020-04-27,"Hannover","Mainz",1,0,"H"
"582",2020-04-27,"RB Leipzig","Freiburg",2,1,"H"
"583",2020-04-27,"Stuttgart","M'gladbach",1,0,"H"
"584",2020-04-28,"Hoffenheim","Wolfsburg",1,4,"A"
"585",2020-04-28,"Nurnberg","Bayern Munich",1,1,"D"
"586",2020-05-03,"Mainz","RB Leipzig",3,3,"D"
"587",2020-05-04,"Bayern Munich","Hannover",3,1,"H"
"588",2020-05-04,"Hertha","Stuttgart",3,1,"H"
"589",2020-05-04,"M'gladbach","Hoffenheim",2,2,"D"
"590",2020-05-04,"Werder Bremen","Dortmund",2,2,"D"
"591",2020-05-04,"Wolfsburg","Nurnberg",2,0,"H"
"592",2020-05-05,"Freiburg","Fortuna Dusseldorf",1,1,"D"
"593",2020-05-05,"Leverkusen","Ein Frankfurt",6,1,"H"
"594",2020-05-05,"Schalke 04","Augsburg",0,0,"D"
"595",2020-05-11,"Augsburg","Hertha",3,4,"A"
"596",2020-05-11,"Dortmund","Fortuna Dusseldorf",3,2,"H"
"597",2020-05-11,"Hannover","Freiburg",3,0,"H"
"598",2020-05-11,"Hoffenheim","Werder Bremen",0,1,"A"
"599",2020-05-11,"Leverkusen","Schalke 04",1,1,"D"
"600",2020-05-11,"Nurnberg","M'gladbach",0,4,"A"
"601",2020-05-11,"RB Leipzig","Bayern Munich",0,0,"D"
"602",2020-05-11,"Stuttgart","Wolfsburg",3,0,"H"
"603",2020-05-12,"Ein Frankfurt","Mainz",0,2,"A"
"604",2020-05-18,"Bayern Munich","Ein Frankfurt",5,1,"H"
"605",2020-05-18,"Fortuna Dusseldorf","Hannover",2,1,"H"
"606",2020-05-18,"Freiburg","Nurnberg",5,1,"H"
"607",2020-05-18,"Hertha","Leverkusen",1,5,"A"
"608",2020-05-18,"Mainz","Hoffenheim",4,2,"H"
"609",2020-05-18,"M'gladbach","Dortmund",0,2,"A"
"610",2020-05-18,"Schalke 04","Stuttgart",0,0,"D"
"611",2020-05-18,"Werder Bremen","RB Leipzig",2,1,"H"
"612",2020-05-18,"Wolfsburg","Augsburg",8,1,"H"
"613",2020-08-16,"Bayern Munich","Hertha",2,2,"D"
"614",2020-08-17,"Dortmund","Augsburg",5,1,"H"
"615",2020-08-17,"Freiburg","Mainz",3,0,"H"
"616",2020-08-17,"Leverkusen","Paderborn",3,2,"H"
"617",2020-08-17,"Werder Bremen","Fortuna Dusseldorf",1,3,"A"
"618",2020-08-17,"Wolfsburg","FC Koln",2,1,"H"
"619",2020-08-17,"M'gladbach","Schalke 04",0,0,"D"
"620",2020-08-18,"Ein Frankfurt","Hoffenheim",1,0,"H"
"621",2020-08-18,"Union Berlin","RB Leipzig",0,4,"A"
"622",2020-08-23,"FC Koln","Dortmund",1,3,"A"
"623",2020-08-24,"Augsburg","Union Berlin",1,1,"D"
"624",2020-08-24,"Fortuna Dusseldorf","Leverkusen",1,3,"A"
"625",2020-08-24,"Hoffenheim","Werder Bremen",3,2,"H"
"626",2020-08-24,"Mainz","M'gladbach",1,3,"A"
"627",2020-08-24,"Paderborn","Freiburg",1,3,"A"
"628",2020-08-24,"Schalke 04","Bayern Munich",0,3,"A"
"629",2020-08-25,"RB Leipzig","Ein Frankfurt",2,1,"H"
"630",2020-08-25,"Hertha","Wolfsburg",0,3,"A"
"631",2020-08-30,"M'gladbach","RB Leipzig",1,3,"A"
"632",2020-08-31,"Bayern Munich","Mainz",6,1,"H"
"633",2020-08-31,"Freiburg","FC Koln",1,2,"A"
"634",2020-08-31,"Leverkusen","Hoffenheim",0,0,"D"
"635",2020-08-31,"Schalke 04","Hertha",3,0,"H"
"636",2020-08-31,"Wolfsburg","Paderborn",1,1,"D"
"637",2020-08-31,"Union Berlin","Dortmund",3,1,"H"
"638",2020-09-01,"Werder Bremen","Augsburg",3,2,"H"
"639",2020-09-01,"Ein Frankfurt","Fortuna Dusseldorf",2,1,"H"
"640",2020-09-13,"Fortuna Dusseldorf","Wolfsburg",1,1,"D"
"641",2020-09-14,"Augsburg","Ein Frankfurt",2,1,"H"
"642",2020-09-14,"Dortmund","Leverkusen",4,0,"H"
"643",2020-09-14,"FC Koln","M'gladbach",0,1,"A"
"644",2020-09-14,"Mainz","Hertha",2,1,"H"
"645",2020-09-14,"Union Berlin","Werder Bremen",1,2,"A"
"646",2020-09-14,"RB Leipzig","Bayern Munich",1,1,"D"
"647",2020-09-15,"Hoffenheim","Freiburg",0,3,"A"
"648",2020-09-15,"Paderborn","Schalke 04",1,5,"A"
"649",2020-09-20,"Schalke 04","Mainz",2,1,"H"
"650",2020-09-21,"Bayern Munich","FC Koln",4,0,"H"
"651",2020-09-21,"Freiburg","Augsburg",1,1,"D"
"652",2020-09-21,"Hertha","Paderborn",2,1,"H"
"653",2020-09-21,"Leverkusen","Union Berlin",2,0,"H"
"654",2020-09-21,"Werder Bremen","RB Leipzig",0,3,"A"
"655",2020-09-22,"M'gladbach","Fortuna Dusseldorf",2,1,"H"
"656",2020-09-22,"Ein Frankfurt","Dortmund",2,2,"D"
"657",2020-09-23,"Wolfsburg","Hoffenheim",1,1,"D"
"658",2020-09-27,"Union Berlin","Ein Frankfurt",1,2,"A"
"659",2020-09-28,"Augsburg","Leverkusen",0,3,"A"
"660",2020-09-28,"Hoffenheim","M'gladbach",0,3,"A"
"661",2020-09-28,"Mainz","Wolfsburg",0,1,"A"
"662",2020-09-28,"Paderborn","Bayern Munich",2,3,"A"
"663",2020-09-28,"RB Leipzig","Schalke 04",1,3,"A"
"664",2020-09-28,"Dortmund","Werder Bremen",2,2,"D"
"665",2020-09-29,"Fortuna Dusseldorf","Freiburg",1,2,"A"
"666",2020-09-29,"FC Koln","Hertha",0,4,"A"
"667",2020-10-04,"Hertha","Fortuna Dusseldorf",3,1,"H"
"668",2020-10-05,"Bayern Munich","Hoffenheim",1,2,"A"
"669",2020-10-05,"Freiburg","Dortmund",2,2,"D"
"670",2020-10-05,"Leverkusen","RB Leipzig",1,1,"D"
"671",2020-10-05,"Paderborn","Mainz",1,2,"A"
"672",2020-10-05,"Schalke 04","FC Koln",1,1,"D"
"673",2020-10-06,"M'gladbach","Augsburg",5,1,"H"
"674",2020-10-06,"Wolfsburg","Union Berlin",1,0,"H"
"675",2020-10-06,"Ein Frankfurt","Werder Bremen",2,2,"D"
"676",2020-10-18,"Ein Frankfurt","Leverkusen",3,0,"H"
"677",2020-10-19,"Augsburg","Bayern Munich",2,2,"D"
"678",2020-10-19,"Fortuna Dusseldorf","Mainz",1,0,"H"
"679",2020-10-19,"RB Leipzig","Wolfsburg",1,1,"D"
"680",2020-10-19,"Union Berlin","Freiburg",2,0,"H"
"681",2020-10-19,"Werder Bremen","Hertha",1,1,"D"
"682",2020-10-19,"Dortmund","M'gladbach",1,0,"H"
"683",2020-10-20,"FC Koln","Paderborn",3,0,"H"
"684",2020-10-20,"Hoffenheim","Schalke 04",2,0,"H"
"685",2020-10-25,"Mainz","FC Koln",3,1,"H"
"686",2020-10-26,"Bayern Munich","Union Berlin",2,1,"H"
"687",2020-10-26,"Freiburg","RB Leipzig",2,1,"H"
"688",2020-10-26,"Hertha","Hoffenheim",2,3,"A"
"689",2020-10-26,"Paderborn","Fortuna Dusseldorf",2,0,"H"
"690",2020-10-26,"Schalke 04","Dortmund",0,0,"D"
"691",2020-10-26,"Leverkusen","Werder Bremen",2,2,"D"
"692",2020-10-27,"Wolfsburg","Augsburg",0,0,"D"
"693",2020-10-27,"M'gladbach","Ein Frankfurt",4,2,"H"
"694",2020-11-01,"Hoffenheim","Paderborn",3,0,"H"
"695",2020-11-02,"Dortmund","Wolfsburg",3,0,"H"
"696",2020-11-02,"Ein Frankfurt","Bayern Munich",5,1,"H"
"697",2020-11-02,"Leverkusen","M'gladbach",1,2,"A"
"698",2020-11-02,"RB Leipzig","Mainz",8,0,"H"
"699",2020-11-02,"Werder Bremen","Freiburg",2,2,"D"
"700",2020-11-02,"Union Berlin","Hertha",1,0,"H"
"701",2020-11-03,"Fortuna Dusseldorf","FC Koln",2,0,"H"
"702",2020-11-03,"Augsburg","Schalke 04",2,3,"A"
"703",2020-11-08,"FC Koln","Hoffenheim",1,2,"A"
"704",2020-11-09,"Hertha","RB Leipzig",2,4,"A"
"705",2020-11-09,"Mainz","Union Berlin",2,3,"A"
"706",2020-11-09,"Paderborn","Augsburg",0,1,"A"
"707",2020-11-09,"Schalke 04","Fortuna Dusseldorf",3,3,"D"
"708",2020-11-09,"Bayern Munich","Dortmund",4,0,"H"
"709",2020-11-10,"M'gladbach","Werder Bremen",3,1,"H"
"710",2020-11-10,"Wolfsburg","Leverkusen",0,2,"A"
"711",2020-11-10,"Freiburg","Ein Frankfurt",1,0,"H"
"712",2020-11-22,"Dortmund","Paderborn",3,3,"D"
"713",2020-11-23,"Ein Frankfurt","Wolfsburg",0,2,"A"
"714",2020-11-23,"Fortuna Dusseldorf","Bayern Munich",0,4,"A"
"715",2020-11-23,"Leverkusen","Freiburg",1,1,"D"
"716",2020-11-23,"Union Berlin","M'gladbach",2,0,"H"
"717",2020-11-23,"Werder Bremen","Schalke 04",1,2,"A"
"718",2020-11-23,"RB Leipzig","FC Koln",4,1,"H"
"719",2020-11-24,"Augsburg","Hertha",4,0,"H"
"720",2020-11-24,"Hoffenheim","Mainz",1,5,"A"
"721",2020-11-29,"Schalke 04","Union Berlin",2,1,"H"
"722",2020-11-30,"FC Koln","Augsburg",1,1,"D"
"723",2020-11-30,"Hertha","Dortmund",1,2,"A"
"724",2020-11-30,"Hoffenheim","Fortuna Dusseldorf",1,1,"D"
"725",2020-11-30,"Paderborn","RB Leipzig",2,3,"A"
"726",2020-11-30,"Bayern Munich","Leverkusen",1,2,"A"
"727",2020-12-01,"M'gladbach","Freiburg",4,2,"H"
"728",2020-12-01,"Wolfsburg","Werder Bremen",2,3,"A"
"729",2020-12-02,"Mainz","Ein Frankfurt",2,1,"H"
"730",2020-12-06,"Ein Frankfurt","Hertha",2,2,"D"
"731",2020-12-07,"Augsburg","Mainz",2,1,"H"
"732",2020-12-07,"Dortmund","Fortuna Dusseldorf",5,0,"H"
"733",2020-12-07,"Freiburg","Wolfsburg",1,0,"H"
"734",2020-12-07,"M'gladbach","Bayern Munich",2,1,"H"
"735",2020-12-07,"RB Leipzig","Hoffenheim",3,1,"H"
"736",2020-12-07,"Leverkusen","Schalke 04",2,1,"H"
"737",2020-12-08,"Union Berlin","FC Koln",2,0,"H"
"738",2020-12-08,"Werder Bremen","Paderborn",0,1,"A"
"739",2020-12-13,"Hoffenheim","Augsburg",2,4,"A"
"740",2020-12-14,"Bayern Munich","Werder Bremen",6,1,"H"
"741",2020-12-14,"FC Koln","Leverkusen",2,0,"H"
"742",2020-12-14,"Hertha","Freiburg",1,0,"H"
"743",2020-12-14,"Mainz","Dortmund",0,4,"A"
"744",2020-12-14,"Paderborn","Union Berlin",1,1,"D"
"745",2020-12-14,"Fortuna Dusseldorf","RB Leipzig",0,3,"A"
"746",2020-12-15,"Wolfsburg","M'gladbach",2,1,"H"
"747",2020-12-15,"Schalke 04","Ein Frankfurt",1,0,"H"
"748",2020-12-17,"Werder Bremen","Mainz",0,5,"A"
"749",2020-12-17,"Augsburg","Fortuna Dusseldorf",3,0,"H"
"750",2020-12-17,"Dortmund","RB Leipzig",3,3,"D"
"751",2020-12-17,"Union Berlin","Hoffenheim",0,2,"A"
"752",2020-12-18,"Leverkusen","Hertha",0,1,"A"
"753",2020-12-18,"Ein Frankfurt","FC Koln",2,4,"A"
"754",2020-12-18,"Freiburg","Bayern Munich",1,3,"A"
"755",2020-12-18,"M'gladbach","Paderborn",2,0,"H"
"756",2020-12-18,"Wolfsburg","Schalke 04",1,1,"D"
"757",2020-12-20,"Hoffenheim","Dortmund",2,1,"H"
"758",2020-12-21,"Bayern Munich","Wolfsburg",2,0,"H"
"759",2020-12-21,"FC Koln","Werder Bremen",1,0,"H"
"760",2020-12-21,"Mainz","Leverkusen",0,1,"A"
"761",2020-12-21,"RB Leipzig","Augsburg",3,1,"H"
"762",2020-12-21,"Schalke 04","Freiburg",2,2,"D"
"763",2020-12-21,"Hertha","M'gladbach",0,0,"D"
"764",2020-12-22,"Fortuna Dusseldorf","Union Berlin",2,1,"H"
"765",2020-12-22,"Paderborn","Ein Frankfurt",2,1,"H"
"766",2020-01-17,"Schalke 04","M'gladbach",2,0,"H"
"767",2020-01-18,"Augsburg","Dortmund",3,5,"A"
"768",2020-01-18,"FC Koln","Wolfsburg",3,1,"H"
"769",2020-01-18,"Fortuna Dusseldorf","Werder Bremen",0,1,"A"
"770",2020-01-18,"Hoffenheim","Ein Frankfurt",1,2,"A"
"771",2020-01-18,"Mainz","Freiburg",1,2,"A"
"772",2020-01-18,"RB Leipzig","Union Berlin",3,1,"H"
"773",2020-01-19,"Hertha","Bayern Munich",0,4,"A"
"774",2020-01-19,"Paderborn","Leverkusen",1,4,"A"
"775",2020-01-24,"Dortmund","FC Koln",5,1,"H"
"776",2020-01-25,"Ein Frankfurt","RB Leipzig",2,0,"H"
"777",2020-01-25,"Freiburg","Paderborn",0,2,"A"
"778",2020-01-25,"M'gladbach","Mainz",3,1,"H"
"779",2020-01-25,"Union Berlin","Augsburg",2,0,"H"
"780",2020-01-25,"Wolfsburg","Hertha",1,2,"A"
"781",2020-01-25,"Bayern Munich","Schalke 04",5,0,"H"
"782",2020-01-26,"Werder Bremen","Hoffenheim",0,3,"A"
"783",2020-01-26,"Leverkusen","Fortuna Dusseldorf",3,0,"H"
"784",2020-01-31,"Hertha","Schalke 04",0,0,"D"
"785",2020-02-01,"Augsburg","Werder Bremen",2,1,"H"
"786",2020-02-01,"Dortmund","Union Berlin",5,0,"H"
"787",2020-02-01,"Fortuna Dusseldorf","Ein Frankfurt",1,1,"D"
"788",2020-02-01,"Hoffenheim","Leverkusen",2,1,"H"
"789",2020-02-01,"Mainz","Bayern Munich",1,3,"A"
"790",2020-02-01,"RB Leipzig","M'gladbach",2,2,"D"
"791",2020-02-02,"FC Koln","Freiburg",4,0,"H"
"792",2020-02-02,"Paderborn","Wolfsburg",2,4,"A"
"793",2020-02-07,"Ein Frankfurt","Augsburg",5,0,"H"
"794",2020-02-08,"Freiburg","Hoffenheim",1,0,"H"
"795",2020-02-08,"Hertha","Mainz",1,3,"A"
"796",2020-02-08,"Schalke 04","Paderborn",1,1,"D"
"797",2020-02-08,"Werder Bremen","Union Berlin",0,2,"A"
"798",2020-02-08,"Wolfsburg","Fortuna Dusseldorf",1,1,"D"
"799",2020-02-08,"Leverkusen","Dortmund",4,3,"H"
"800",2020-02-09,"Bayern Munich","RB Leipzig",0,0,"D"
"801",2020-02-14,"Dortmund","Ein Frankfurt",4,0,"H"
"802",2020-02-15,"Augsburg","Freiburg",1,1,"D"
"803",2020-02-15,"Hoffenheim","Wolfsburg",2,3,"A"
"804",2020-02-15,"Paderborn","Hertha",1,2,"A"
"805",2020-02-15,"RB Leipzig","Werder Bremen",3,0,"H"
"806",2020-02-15,"Union Berlin","Leverkusen",2,3,"A"
"807",2020-02-15,"Fortuna Dusseldorf","M'gladbach",1,4,"A"
"808",2020-02-16,"FC Koln","Bayern Munich",1,4,"A"
"809",2020-02-16,"Mainz","Schalke 04",0,0,"D"
"810",2020-02-21,"Bayern Munich","Paderborn",3,2,"H"
"811",2020-02-22,"Freiburg","Fortuna Dusseldorf",0,2,"A"
"812",2020-02-22,"Hertha","FC Koln",0,5,"A"
"813",2020-02-22,"M'gladbach","Hoffenheim",1,1,"D"
"814",2020-02-22,"Werder Bremen","Dortmund",0,2,"A"
"815",2020-02-22,"Schalke 04","RB Leipzig",0,5,"A"
"816",2020-02-23,"Leverkusen","Augsburg",2,0,"H"
"817",2020-02-23,"Wolfsburg","Mainz",4,0,"H"
"818",2020-02-24,"Ein Frankfurt","Union Berlin",1,2,"A"
"819",2020-02-28,"Fortuna Dusseldorf","Hertha",3,3,"D"
"820",2020-02-29,"Augsburg","M'gladbach",2,3,"A"
"821",2020-02-29,"Dortmund","Freiburg",1,0,"H"
"822",2020-02-29,"Hoffenheim","Bayern Munich",0,6,"A"
"823",2020-02-29,"Mainz","Paderborn",2,0,"H"
"824",2020-02-29,"FC Koln","Schalke 04",3,0,"H"
"825",2020-03-01,"Union Berlin","Wolfsburg",2,2,"D"
"826",2020-03-01,"RB Leipzig","Leverkusen",1,1,"D"
"827",2020-03-06,"Paderborn","FC Koln",1,2,"A"
"828",2020-03-07,"Freiburg","Union Berlin",3,1,"H"
"829",2020-03-07,"Hertha","Werder Bremen",2,2,"D"
"830",2020-03-07,"Leverkusen","Ein Frankfurt",4,0,"H"
"831",2020-03-07,"Schalke 04","Hoffenheim",1,1,"D"
"832",2020-03-07,"Wolfsburg","RB Leipzig",0,0,"D"
"833",2020-03-07,"M'gladbach","Dortmund",1,2,"A"
"834",2020-03-08,"Bayern Munich","Augsburg",2,0,"H"
"835",2020-03-08,"Mainz","Fortuna Dusseldorf",1,1,"D"
"836",2020-03-11,"M'gladbach","FC Koln",2,1,"H"
"837",2020-05-16,"Augsburg","Wolfsburg",1,2,"A"
"838",2020-05-16,"Dortmund","Schalke 04",4,0,"H"
"839",2020-05-16,"Fortuna Dusseldorf","Paderborn",0,0,"D"
"840",2020-05-16,"Hoffenheim","Hertha",0,3,"A"
"841",2020-05-16,"RB Leipzig","Freiburg",1,1,"D"
"842",2020-05-16,"Ein Frankfurt","M'gladbach",1,3,"A"
"843",2020-05-17,"FC Koln","Mainz",2,2,"D"
"844",2020-05-17,"Union Berlin","Bayern Munich",0,2,"A"
"845",2020-05-18,"Werder Bremen","Leverkusen",1,4,"A"
"846",2020-05-22,"Hertha","Union Berlin",4,0,"H"
"847",2020-05-23,"Freiburg","Werder Bremen",0,1,"A"
"848",2020-05-23,"M'gladbach","Leverkusen",1,3,"A"
"849",2020-05-23,"Paderborn","Hoffenheim",1,1,"D"
"850",2020-05-23,"Wolfsburg","Dortmund",0,2,"A"
"851",2020-05-23,"Bayern Munich","Ein Frankfurt",5,2,"H"
"852",2020-05-24,"Schalke 04","Augsburg",0,3,"A"
"853",2020-05-24,"Mainz","RB Leipzig",0,5,"A"
"854",2020-05-24,"FC Koln","Fortuna Dusseldorf",2,2,"D"
"855",2020-05-26,"Dortmund","Bayern Munich",0,1,"A"
"856",2020-05-26,"Ein Frankfurt","Freiburg",3,3,"D"
"857",2020-05-26,"Leverkusen","Wolfsburg",1,4,"A"
"858",2020-05-26,"Werder Bremen","M'gladbach",0,0,"D"
"859",2020-05-27,"RB Leipzig","Hertha",2,2,"D"
"860",2020-05-27,"Augsburg","Paderborn",0,0,"D"
"861",2020-05-27,"Fortuna Dusseldorf","Schalke 04",2,1,"H"
"862",2020-05-27,"Hoffenheim","FC Koln",3,1,"H"
"863",2020-05-27,"Union Berlin","Mainz",1,1,"D"
"864",2020-05-29,"Freiburg","Leverkusen",0,1,"A"
"865",2020-05-30,"Hertha","Augsburg",2,0,"H"
"866",2020-05-30,"Mainz","Hoffenheim",0,1,"A"
"867",2020-05-30,"Schalke 04","Werder Bremen",0,1,"A"
"868",2020-05-30,"Wolfsburg","Ein Frankfurt",1,2,"A"
"869",2020-05-30,"Bayern Munich","Fortuna Dusseldorf",5,0,"H"
"870",2020-05-31,"M'gladbach","Union Berlin",4,1,"H"
"871",2020-05-31,"Paderborn","Dortmund",1,6,"A"
"872",2020-06-01,"FC Koln","RB Leipzig",2,4,"A"
"873",2020-06-03,"Werder Bremen","Ein Frankfurt",0,3,"A"
"874",2020-06-05,"Freiburg","M'gladbach",1,0,"H"
"875",2020-06-06,"Ein Frankfurt","Mainz",0,2,"A"
"876",2020-06-06,"Fortuna Dusseldorf","Hoffenheim",2,2,"D"
"877",2020-06-06,"Leverkusen","Bayern Munich",2,4,"A"
"878",2020-06-06,"RB Leipzig","Paderborn",1,1,"D"
"879",2020-06-06,"Dortmund","Hertha",1,0,"H"
"880",2020-06-07,"Werder Bremen","Wolfsburg",0,1,"A"
"881",2020-06-07,"Union Berlin","Schalke 04",1,1,"D"
"882",2020-06-07,"Augsburg","FC Koln",1,1,"D"
"883",2020-06-12,"Hoffenheim","RB Leipzig",0,2,"A"
"884",2020-06-13,"FC Koln","Union Berlin",1,2,"A"
"885",2020-06-13,"Fortuna Dusseldorf","Dortmund",0,1,"A"
"886",2020-06-13,"Hertha","Ein Frankfurt",1,4,"A"
"887",2020-06-13,"Paderborn","Werder Bremen",1,5,"A"
"888",2020-06-13,"Wolfsburg","Freiburg",2,2,"D"
"889",2020-06-13,"Bayern Munich","M'gladbach",2,1,"H"
"890",2020-06-14,"Mainz","Augsburg",0,1,"A"
"891",2020-06-14,"Schalke 04","Leverkusen",1,1,"D"
"892",2020-06-16,"M'gladbach","Wolfsburg",3,0,"H"
"893",2020-06-16,"Freiburg","Hertha",2,1,"H"
"894",2020-06-16,"Union Berlin","Paderborn",1,0,"H"
"895",2020-06-16,"Werder Bremen","Bayern Munich",0,1,"A"
"896",2020-06-17,"Ein Frankfurt","Schalke 04",2,1,"H"
"897",2020-06-17,"Augsburg","Hoffenheim",1,3,"A"
"898",2020-06-17,"Dortmund","Mainz",0,2,"A"
"899",2020-06-17,"Leverkusen","FC Koln",3,1,"H"
"900",2020-06-17,"RB Leipzig","Fortuna Dusseldorf",2,2,"D"
"901",2020-06-20,"Bayern Munich","Freiburg",3,1,"H"
"902",2020-06-20,"FC Koln","Ein Frankfurt",1,1,"D"
"903",2020-06-20,"Fortuna Dusseldorf","Augsburg",1,1,"D"
"904",2020-06-20,"Hertha","Leverkusen",2,0,"H"
"905",2020-06-20,"Hoffenheim","Union Berlin",4,0,"H"
"906",2020-06-20,"Mainz","Werder Bremen",3,1,"H"
"907",2020-06-20,"Paderborn","M'gladbach",1,3,"A"
"908",2020-06-20,"RB Leipzig","Dortmund",0,2,"A"
"909",2020-06-20,"Schalke 04","Wolfsburg",1,4,"A"
"910",2020-06-27,"Augsburg","RB Leipzig",1,2,"A"
"911",2020-06-27,"Dortmund","Hoffenheim",0,4,"A"
"912",2020-06-27,"Ein Frankfurt","Paderborn",3,2,"H"
"913",2020-06-27,"Freiburg","Schalke 04",4,0,"H"
"914",2020-06-27,"Leverkusen","Mainz",1,0,"H"
"915",2020-06-27,"M'gladbach","Hertha",2,1,"H"
"916",2020-06-27,"Union Berlin","Fortuna Dusseldorf",3,0,"H"
"917",2020-06-27,"Werder Bremen","FC Koln",6,1,"H"
"918",2020-06-27,"Wolfsburg","Bayern Munich",0,4,"A"
